Fullfilled By ID,Fullfilled By Location
19f4a11d-63ca-4127-975a-15933aaa33ff,Omaha
cf9651b0-df49-498f-a66c-0a7f897545ce,Kansas City
ae5d7b77-86c9-49d2-ac18-09bf9883adc2,Des Moines
cf9651b0-df49-498f-a66c-0a7f897545ce,Kansas City
19f4a11d-63ca-4127-975a-15933aaa33ff,Omaha
ae5d7b77-86c9-49d2-ac18-09bf9883adc2,Des Moines
ae5d7b77-86c9-49d2-ac18-09bf9883adc2,Des Moines
19f4a11d-63ca-4127-975a-15933aaa33ff,Omaha
cf9651b0-df49-498f-a66c-0a7f897545ce,Kansas City
cf9651b0-df49-498f-a66c-0a7f897545ce,Kansas City
19f4a11d-63ca-4127-975a-15933aaa33ff,Omaha
ae5d7b77-86c9-49d2-ac18-09bf9883adc2,Des Moines
cf9651b0-df49-498f-a66c-0a7f897545ce,Kansas City
ae5d7b77-86c9-49d2-ac18-09bf9883adc2,Des Moines
19f4a11d-63ca-4127-975a-15933aaa33ff,Omaha
cf9651b0-df49-498f-a66c-0a7f897545ce,Kansas City
19f4a11d-63ca-4127-975a-15933aaa33ff,Omaha
ae5d7b77-86c9-49d2-ac18-09bf9883adc2,Des Moines
cf9651b0-df49-498f-a66c-0a7f897545ce,Kansas City
ae5d7b77-86c9-49d2-ac18-09bf9883adc2,Des Moines
19f4a11d-63ca-4127-975a-15933aaa33ff,Omaha
cf9651b0-df49-498f-a66c-0a7f897545ce,Kansas City
ae5d7b77-86c9-49d2-ac18-09bf9883adc2,Des Moines
19f4a11d-63ca-4127-975a-15933aaa33ff,Omaha
cf9651b0-df49-498f-a66c-0a7f897545ce,Kansas City
19f4a11d-63ca-4127-975a-15933aaa33ff,Omaha
ae5d7b77-86c9-49d2-ac18-09bf9883adc2,Des Moines
19f4a11d-63ca-4127-975a-15933aaa33ff,Omaha
cf9651b0-df49-498f-a66c-0a7f897545ce,Kansas City
ae5d7b77-86c9-49d2-ac18-09bf9883adc2,Des Moines
19f4a11d-63ca-4127-975a-15933aaa33ff,Omaha
ae5d7b77-86c9-49d2-ac18-09bf9883adc2,Des Moines
cf9651b0-df49-498f-a66c-0a7f897545ce,Kansas City
cf9651b0-df49-498f-a66c-0a7f897545ce,Kansas City
ae5d7b77-86c9-49d2-ac18-09bf9883adc2,Des Moines
19f4a11d-63ca-4127-975a-15933aaa33ff,Omaha
cf9651b0-df49-498f-a66c-0a7f897545ce,Kansas City
ae5d7b77-86c9-49d2-ac18-09bf9883adc2,Des Moines
19f4a11d-63ca-4127-975a-15933aaa33ff,Omaha
ae5d7b77-86c9-49d2-ac18-09bf9883adc2,Des Moines
cf9651b0-df49-498f-a66c-0a7f897545ce,Kansas City
19f4a11d-63ca-4127-975a-15933aaa33ff,Omaha
19f4a11d-63ca-4127-975a-15933aaa33ff,Omaha
ae5d7b77-86c9-49d2-ac18-09bf9883adc2,Des Moines
19f4a11d-63ca-4127-975a-15933aaa33ff,Omaha
cf9651b0-df49-498f-a66c-0a7f897545ce,Kansas City
ae5d7b77-86c9-49d2-ac18-09bf9883adc2,Des Moines
19f4a11d-63ca-4127-975a-15933aaa33ff,Omaha
cf9651b0-df49-498f-a66c-0a7f897545ce,Kansas City
19f4a11d-63ca-4127-975a-15933aaa33ff,Omaha
ae5d7b77-86c9-49d2-ac18-09bf9883adc2,Des Moines
ae5d7b77-86c9-49d2-ac18-09bf9883adc2,Des Moines
cf9651b0-df49-498f-a66c-0a7f897545ce,Kansas City
19f4a11d-63ca-4127-975a-15933aaa33ff,Omaha
cf9651b0-df49-498f-a66c-0a7f897545ce,Kansas City
ae5d7b77-86c9-49d2-ac18-09bf9883adc2,Des Moines
19f4a11d-63ca-4127-975a-15933aaa33ff,Omaha
19f4a11d-63ca-4127-975a-15933aaa33ff,Omaha
cf9651b0-df49-498f-a66c-0a7f897545ce,Kansas City
ae5d7b77-86c9-49d2-ac18-09bf9883adc2,Des Moines
ae5d7b77-86c9-49d2-ac18-09bf9883adc2,Des Moines
19f4a11d-63ca-4127-975a-15933aaa33ff,Omaha
cf9651b0-df49-498f-a66c-0a7f897545ce,Kansas City
cf9651b0-df49-498f-a66c-0a7f897545ce,Kansas City
19f4a11d-63ca-4127-975a-15933aaa33ff,Omaha
ae5d7b77-86c9-49d2-ac18-09bf9883adc2,Des Moines
ae5d7b77-86c9-49d2-ac18-09bf9883adc2,Des Moines
cf9651b0-df49-498f-a66c-0a7f897545ce,Kansas City
19f4a11d-63ca-4127-975a-15933aaa33ff,Omaha
19f4a11d-63ca-4127-975a-15933aaa33ff,Omaha
ae5d7b77-86c9-49d2-ac18-09bf9883adc2,Des Moines
19f4a11d-63ca-4127-975a-15933aaa33ff,Omaha
ae5d7b77-86c9-49d2-ac18-09bf9883adc2,Des Moines
cf9651b0-df49-498f-a66c-0a7f897545ce,Kansas City
19f4a11d-63ca-4127-975a-15933aaa33ff,Omaha
19f4a11d-63ca-4127-975a-15933aaa33ff,Omaha
ae5d7b77-86c9-49d2-ac18-09bf9883adc2,Des Moines
ae5d7b77-86c9-49d2-ac18-09bf9883adc2,Des Moines
19f4a11d-63ca-4127-975a-15933aaa33ff,Omaha
ae5d7b77-86c9-49d2-ac18-09bf9883adc2,Des Moines
cf9651b0-df49-498f-a66c-0a7f897545ce,Kansas City
19f4a11d-63ca-4127-975a-15933aaa33ff,Omaha
ae5d7b77-86c9-49d2-ac18-09bf9883adc2,Des Moines
cf9651b0-df49-498f-a66c-0a7f897545ce,Kansas City
ae5d7b77-86c9-49d2-ac18-09bf9883adc2,Des Moines
cf9651b0-df49-498f-a66c-0a7f897545ce,Kansas City
19f4a11d-63ca-4127-975a-15933aaa33ff,Omaha
cf9651b0-df49-498f-a66c-0a7f897545ce,Kansas City
ae5d7b77-86c9-49d2-ac18-09bf9883adc2,Des Moines
19f4a11d-63ca-4127-975a-15933aaa33ff,Omaha
cf9651b0-df49-498f-a66c-0a7f897545ce,Kansas City
19f4a11d-63ca-4127-975a-15933aaa33ff,Omaha
ae5d7b77-86c9-49d2-ac18-09bf9883adc2,Des Moines
19f4a11d-63ca-4127-975a-15933aaa33ff,Omaha
ae5d7b77-86c9-49d2-ac18-09bf9883adc2,Des Moines
cf9651b0-df49-498f-a66c-0a7f897545ce,Kansas City
cf9651b0-df49-498f-a66c-0a7f897545ce,Kansas City
ae5d7b77-86c9-49d2-ac18-09bf9883adc2,Des Moines
19f4a11d-63ca-4127-975a-15933aaa33ff,Omaha
ae5d7b77-86c9-49d2-ac18-09bf9883adc2,Des Moines
cf9651b0-df49-498f-a66c-0a7f897545ce,Kansas City
19f4a11d-63ca-4127-975a-15933aaa33ff,Omaha
ae5d7b77-86c9-49d2-ac18-09bf9883adc2,Des Moines
19f4a11d-63ca-4127-975a-15933aaa33ff,Omaha
cf9651b0-df49-498f-a66c-0a7f897545ce,Kansas City
ae5d7b77-86c9-49d2-ac18-09bf9883adc2,Des Moines
cf9651b0-df49-498f-a66c-0a7f897545ce,Kansas City
19f4a11d-63ca-4127-975a-15933aaa33ff,Omaha
cf9651b0-df49-498f-a66c-0a7f897545ce,Kansas City
cf9651b0-df49-498f-a66c-0a7f897545ce,Kansas City
ae5d7b77-86c9-49d2-ac18-09bf9883adc2,Des Moines
19f4a11d-63ca-4127-975a-15933aaa33ff,Omaha
ae5d7b77-86c9-49d2-ac18-09bf9883adc2,Des Moines
cf9651b0-df49-498f-a66c-0a7f897545ce,Kansas City
ae5d7b77-86c9-49d2-ac18-09bf9883adc2,Des Moines
cf9651b0-df49-498f-a66c-0a7f897545ce,Kansas City
19f4a11d-63ca-4127-975a-15933aaa33ff,Omaha
ae5d7b77-86c9-49d2-ac18-09bf9883adc2,Des Moines
cf9651b0-df49-498f-a66c-0a7f897545ce,Kansas City
19f4a11d-63ca-4127-975a-15933aaa33ff,Omaha
ae5d7b77-86c9-49d2-ac18-09bf9883adc2,Des Moines
cf9651b0-df49-498f-a66c-0a7f897545ce,Kansas City
19f4a11d-63ca-4127-975a-15933aaa33ff,Omaha
cf9651b0-df49-498f-a66c-0a7f897545ce,Kansas City
ae5d7b77-86c9-49d2-ac18-09bf9883adc2,Des Moines
19f4a11d-63ca-4127-975a-15933aaa33ff,Omaha
ae5d7b77-86c9-49d2-ac18-09bf9883adc2,Des Moines
cf9651b0-df49-498f-a66c-0a7f897545ce,Kansas City
19f4a11d-63ca-4127-975a-15933aaa33ff,Omaha
cf9651b0-df49-498f-a66c-0a7f897545ce,Kansas City
ae5d7b77-86c9-49d2-ac18-09bf9883adc2,Des Moines
19f4a11d-63ca-4127-975a-15933aaa33ff,Omaha
cf9651b0-df49-498f-a66c-0a7f897545ce,Kansas City
19f4a11d-63ca-4127-975a-15933aaa33ff,Omaha
ae5d7b77-86c9-49d2-ac18-09bf9883adc2,Des Moines
19f4a11d-63ca-4127-975a-15933aaa33ff,Omaha
cf9651b0-df49-498f-a66c-0a7f897545ce,Kansas City
ae5d7b77-86c9-49d2-ac18-09bf9883adc2,Des Moines
cf9651b0-df49-498f-a66c-0a7f897545ce,Kansas City
19f4a11d-63ca-4127-975a-15933aaa33ff,Omaha
ae5d7b77-86c9-49d2-ac18-09bf9883adc2,Des Moines
ae5d7b77-86c9-49d2-ac18-09bf9883adc2,Des Moines
cf9651b0-df49-498f-a66c-0a7f897545ce,Kansas City
ae5d7b77-86c9-49d2-ac18-09bf9883adc2,Des Moines
cf9651b0-df49-498f-a66c-0a7f897545ce,Kansas City
ae5d7b77-86c9-49d2-ac18-09bf9883adc2,Des Moines
19f4a11d-63ca-4127-975a-15933aaa33ff,Omaha
19f4a11d-63ca-4127-975a-15933aaa33ff,Omaha
cf9651b0-df49-498f-a66c-0a7f897545ce,Kansas City
ae5d7b77-86c9-49d2-ac18-09bf9883adc2,Des Moines
ae5d7b77-86c9-49d2-ac18-09bf9883adc2,Des Moines
19f4a11d-63ca-4127-975a-15933aaa33ff,Omaha
cf9651b0-df49-498f-a66c-0a7f897545ce,Kansas City
19f4a11d-63ca-4127-975a-15933aaa33ff,Omaha
ae5d7b77-86c9-49d2-ac18-09bf9883adc2,Des Moines
cf9651b0-df49-498f-a66c-0a7f897545ce,Kansas City
cf9651b0-df49-498f-a66c-0a7f897545ce,Kansas City
19f4a11d-63ca-4127-975a-15933aaa33ff,Omaha
ae5d7b77-86c9-49d2-ac18-09bf9883adc2,Des Moines
19f4a11d-63ca-4127-975a-15933aaa33ff,Omaha
cf9651b0-df49-498f-a66c-0a7f897545ce,Kansas City
ae5d7b77-86c9-49d2-ac18-09bf9883adc2,Des Moines
cf9651b0-df49-498f-a66c-0a7f897545ce,Kansas City
19f4a11d-63ca-4127-975a-15933aaa33ff,Omaha
ae5d7b77-86c9-49d2-ac18-09bf9883adc2,Des Moines
ae5d7b77-86c9-49d2-ac18-09bf9883adc2,Des Moines
19f4a11d-63ca-4127-975a-15933aaa33ff,Omaha
cf9651b0-df49-498f-a66c-0a7f897545ce,Kansas City
